no,SKU,Nama,kategori,satuan,merek,stok keluar,stok masuk,stok tersedia,stok minimal,barcode,lokasi penyimpanan,kadaluarsa,warna,ukuran,p,l,t,keterangan,,
1,SK0001,REDMI NOTE 10,STANDING EASEL,PCS,XIAOMI,13,0,977,1,BR0001,,01 AGU 2022,,,26,10,24,,,
2,SK0002,REDMI NOTE 10 PRO,TRAY,PCS,XIAOMI,4,0,939,1,BR0002,,01 AGU 2022,,,26,10,24,,,
3,SK0003,REDMI NOTE 10 5G Insertion,ACRYLIC,PCS,XIAOMI,0,0,100,1,BR0003,,01 AGU 2022,,,44,13,5,,,
4,SK0004,AKRYLIC PROPS MI WATCH,ACRYLIC,PCS,XIAOMI,8,0,9,1,BR0004,,01 AGU 2022,,,17,25,10,,,
5,SK0005,Akrylic Flyer,ACRYLIC,PCS,XIAOMI,521,650,621,1,BR0005,,01 AGU 2022,,,36,20,14,,,
6,SK0006,Akrylic POP 4,ACRYLIC,PCS,XIAOMI,1340,0,524,1,BR0006,,01 AGU 2022,,,21,30,7,,,
7,SK0007,Dummy Stand Acrylic,ACRYLIC,PCS,XIAOMI,23,0,655,1,BR0007,,01 AGU 2022,,,28,19,10,,,
8,SK0008,LUMINOUS Mi 108 MP DESKTOP LUMINOS WORDS,TRAY,PCS,XIAOMI,8,0,117,1,BR0008,,01 AGU 2022,,,9,14,55,,,
9,SK0009,Akrylic Best Price,ACRYLIC,PCS,XIAOMI,36,0,468,1,BR0009,,01 AGU 2022,,,10,6,10,,,
10,SK0010,Akrylic New Arrival,ACRYLIC,PCS,XIAOMI,36,0,468,1,BR0010,,01 AGU 2022,,,10,6,10,,,
11,SK0011,Balon Orange,BALON,PCS,XIAOMI,175,0,28455,1,BR0011,,01 AGU 2022,,,45,4,1,,,
12,SK0012,Balon Putih,BALON,PCS,XIAOMI,175,0,15820,1,BR0012,,01 AGU 2022,,,45,4,1,,,
13,SK0013,BLACK MI BAND 6,ACRYLIC,PCS,XIAOMI,11,0,312,1,BR0013,,01 AGU 2022,,,28,14,11,,,
14,SK0014,MI BAND DISPLAY PROP V1,TRAY,PCS,XIAOMI,64,0,0,1,BR0014,,01 AGU 2022,,,24,14,11,,,
15,SK0015,K82 TRAY I PAD 5,TRAY,PCS,XIAOMI,19,0,54,1,BR0015,,01 AGU 2022,,,33,14,11,,,
16,SK0016,BUGLAR ALARM WITH ACCESSORIES,ALARM,PCS,XIAOMI,11,0,149,1,BR0016,,01 AGU 2022,,,14,9,13,,,
17,SK0017,"MI TV BEZEEL LESS 55\""inc",WOBBLER,PCS,XIAOMI,16,0,448,1,BR0017,,01 AGU 2022,,,55,40,1,,,
18,SK0018,"MI TV BEZEEL LESS 43\""inc",WOBBLER,PCS,XIAOMI,36,0,422,1,BR0018,,01 AGU 2022,,,55,40,1,,,
19,SK0019,"MI TV BEZEEL LESS 32\""inc",WOBBLER,PCS,XIAOMI,16,0,147,1,BR0019,,01 AGU 2022,,,55,40,1,,,
20,SK0020,"MI TV 4 32\"" inc",WOBBLER,PCS,XIAOMI,12,0,285,1,BR0020,,01 AGU 2022,,,55,40,1,,,
21,SK0021,"MI TV 4 43\"" inc",WOBBLER,PCS,XIAOMI,14,1,308,1,BR0021,,01 AGU 2022,,,55,40,1,,,
22,SK0022,"MI TV 4 55\"" inc",WOBBLER,PCS,XIAOMI,17,0,0,1,BR0022,,01 AGU 2022,,,55,40,1,,,
23,SK0023,Sandisk USB,USB,PCS,XIAOMI,2,0,-1,1,BR0023,,01 AGU 2022,,,28,14,9,,,
24,SK0024,Akrylic Hanging Price,ACRYLIC,PCS,XIAOMI,0,0,3350,1,BR0024,,01 AGU 2022,,,21,7,7,,,
25,SK0025,MASKER,MASKER,PCS,XIAOMI,0,0,9001,1,BR0025,,01 AGU 2022,,,20,12,1,,,
26,SK0026,F1 CELL PHONE TRAY,TRAY,PCS,XIAOMI,12,0,102,1,BR0026,,01 AGU 2022,,,25,39,11,,,
27,SK0027,F1 STACK LIGTH,TRAY,PCS,XIAOMI,0,0,319,1,BR0027,,01 AGU 2022,,,41,21,20,,,
28,SK0028,REDMI NOTE 10 INSERT PRICE,ACRYLIC,PCS,XIAOMI,0,0,1260,1,BR0028,,01 AGU 2022,,,20,15,1,,,
29,SK0029,K11 KSP BOARD,ACRYLIC,PCS,XIAOMI,0,0,28,1,BR0029,,01 AGU 2022,,,26,14,6,,,
30,SK0030,K2-MI PRO,TRAY,PCS,XIAOMI,0,0,296,1,BR0030,,01 AGU 2022,,,28,28,10,,,
31,SK0031,K1-MI PRO,TRAY,PCS,XIAOMI,0,0,95,1,BR0031,,01 AGU 2022,,,28,28,20,,,
32,SK0032,Balon Gate Besar,BALON,PCS,XIAOMI,0,0,69,1,BR0032,,01 AGU 2022,,,97,59,20,,,
33,SK0033,Balon Gate Kecil,BALON,PCS,XIAOMI,0,0,148,1,BR0033,,01 AGU 2022,,,70,58,10,,,
34,SK0034,Blower 250w,BALON,PCS,XIAOMI,0,0,166,1,BR0034,,01 AGU 2022,,,32,32,17,,,
35,SK0035,Blower 550w,BALON,PCS,XIAOMI,0,0,96,1,BR0035,,01 AGU 2022,,,37,37,18,,,
36,SK0036,REDMI NOTE 10 NON SEREIES LUMINOUS,TRAY,PCS,XIAOMI,1,0,1,1,BR0036,,01 AGU 2022,,,45,27,10,,,
37,SK0037,Lighted Floor 5G,ACRYLIC,PCS,XIAOMI,5,0,1,1,BR0037,,01 AGU 2022,,,90,17,88,,,
38,SK0038,ACRYLIC TRAY REDMIBOOK 15,ACRYLIC,PCS,XIAOMI,9,0,1,1,BR0038,,01 AGU 2022,,,45,7,80,,,
39,SK0039,K3S MOBILE PHONE TRAY 11T Pro,TRAY,PCS,XIAOMI,19,0,109,1,BR0039,,01 AGU 2022,,,33,16,8,,,
40,SK0040,REDMI BUDS 3 PRO DISPLAY,STANDING EASEL,PCS,XIAOMI,0,0,16,1,BR0040,,01 AGU 2022,,,26,25,20,,,
41,SK0041,Mi Watch Lite Dummy,DUMMY,PCS,XIAOMI,0,0,233,1,BR0041,,01 AGU 2022,,,10,8,10,,,
42,SK0042,Mi Watch Lite 2 Acrylic + Base,ACRYLIC,PCS,XIAOMI,6,0,94,1,BR0042,,01 AGU 2022,,,10,22,19,,,
43,SK0043,Phone Poster POCO,POSTER,PCS,XIAOMI,8,0,77,1,BR0043,,01 AGU 2022,,,50,23,1,,,
44,SK0044,PHONE BAND BUDS DISPLAY PROPS,TRAY,PCS,XIAOMI,9,0,47,1,BR0044,,01 AGU 2022,,,40,26,20,,,
45,SK0045,POUCH SPIDERMAN,POUCH,PCS,XIAOMI,0,0,294,1,BR0045,,01 AGU 2022,,,19,14,1,,,
46,SK0046,TENTCARD IG SCAN BARCODE,FLYER,PCS,XIAOMI,0,0,200,1,BR0046,,01 AGU 2022,,,24,17,1,,,
47,SK0047,HAMPERS,HAMPERS,PCS,XIAOMI,18,0,3,1,BR0047,,01 AGU 2022,,,29,18,30,,,
48,SK0048,Lanyard/Card Holder,LANYARD,PCS,XIAOMI,0,0,12,1,BR0048,,01 AGU 2022,,,13,10,1,,,
49,SK0049,Lanyard/Card Holder NEW,LANYARD,PCS,XIAOMI,41,25,13,1,BR0049,,01 AGU 2022,,,60,6,1,,,
50,SK0050,Flyer RN 11 Jawara Semua Tantangan,FLYER,PCS,XIAOMI,0,0,5000,1,BR0050,,01 AGU 2022,,,29,9,15,,,
51,SK0051,KSP Props,TRAY,PCS,XIAOMI,10,0,245,1,BR0051,,01 AGU 2022,,,37,16,8,,,
52,SK0052,Acrylic Available Soon,ACRYLIC,PCS,XIAOMI,36,0,489,1,BR0052,,01 AGU 2022,,,10,6,10,,,
53,SK0053,SmartPhone Tray Double (K6S-K7T),TRAY,PCS,XIAOMI,68,0,530,1,BR0053,,01 AGU 2022,,,50,26,8,,,
54,SK0054,SingleStand Phone K67,TRAY,PCS,XIAOMI,649,0,1389,1,BR0054,,01 AGU 2022,,,35,20,6,,,
55,SK0055,SingleStand Phone K7T,TRAY,PCS,XIAOMI,37,0,501,1,BR0055,,01 AGU 2022,,,35,20,6,,,
56,SK0056,Acrylic Insertion Note 11 series,ACRYLIC,PCS,XIAOMI,8,0,568,1,BR0056,,01 AGU 2022,,,44,13,5,,,
57,SK0057,HAT CROWN,HATCROWN,PCS,XIAOMI,0,0,95,1,BR0057,,01 AGU 2022,,,65,9,5,,,
58,SK0058,LEAFLET XIAOMI 11 SERIES,FLYER,PCS,XIAOMI,0,0,5000,1,BR0058,,01 AGU 2022,,,25,5,15,,,
59,SK0059,HANGING BANNER REDMI NOTE 11 SERIES,HANGING,PCS,XIAOMI,0,0,2,1,BR0059,,01 AGU 2022,,,90,60,1,,,
60,SK0060,BACK STICKER POCO M4,STICKER,PCS,XIAOMI,0,0,1,1,BR0060,,01 AGU 2022,,,8,5,1,,,
61,SK0061,Creative Visual Prop,TRAY,PCS,XIAOMI,4,0,70,1,BR0061,,01 AGU 2022,,,50,15,31,,,
62,SK0062,Luminous Character Prop,TRAY,PCS,XIAOMI,7,0,178,1,BR0062,,01 AGU 2022,,,48,24,17,,,
63,SK0063,L2/L3 Tray Prop Xiaomi 12 (Pro),TRAY,PCS,XIAOMI,83,0,1053,1,BR0063,,01 AGU 2022,,,40,20,6,,,
64,SK0064,Mika Tray Xiaomi 12 L3,STANDING EASEL,PCS,XIAOMI,68,0,846,1,BR0064,,01 AGU 2022,,,12,9,1,,,
65,SK0065,Mika Tray Xiaomi 12 Pro L2,STANDING EASEL,PCS,XIAOMI,64,0,0,1,BR0065,,01 AGU 2022,,,12,9,1,,,
66,SK0066,Mika Tray 12 Lite,MIKA,PCS,XIAOMI,68,0,65,1,BR0066,,01 AGU 2022,,,10,10,1,,,
67,SK0067,Flyer Ramadhan,STANDING EASEL,PCS,XIAOMI,0,0,11,1,BR0067,,01 AGU 2022,,,22,5,15,,,
68,SK0068,Hatcrown Ramadhan,STANDING EASEL,PCS,XIAOMI,0,0,310,1,BR0068,,01 AGU 2022,,,65,9,1,,,
69,SK0069,Hanging Ramadhan,HANGING,PCS,XIAOMI,0,0,66,1,BR0069,,01 AGU 2022,,,90,40,1,,,
70,SK0070,Acrylic Phone Poster,ACRYLIC,PCS,XIAOMI,10,2,177,1,BR0070,,01 AGU 2022,,,52,10,25,,,
71,SK0071,Acrylic Spec Card,ACRYLIC,PCS,XIAOMI,0,0,99,1,BR0071,,01 AGU 2022,,,15,10,2,,,
72,SK0072,Mi Desktop Monitor,STANDING EASEL,PCS,XIAOMI,8,0,13,1,BR0072,,01 AGU 2022,,,60,13,1,,,
73,SK0073,STICKER MI VACUUM ROBOT,STICKER,PCS,XIAOMI,3,0,162,1,BR0073,,01 AGU 2022,,,32,10,1,,,
74,SK0074,STCIKER REDMI NOTE 11 SC,STANDING EASEL,PCS,XIAOMI,490,0,1552,1,BR0074,,01 AGU 2022,,,11,10,1,,,
75,SK0075,STCIKER REDMI NOTE 11 PRO SC,STANDING EASEL,PCS,XIAOMI,253,0,28275,1,BR0075,,01 AGU 2022,,,11,10,1,,,
76,SK0076,STCIKER REDMI NOTE 11 PRO 5G SC,STANDING EASEL,PCS,XIAOMI,94,0,805,1,BR0076,,01 AGU 2022,,,11,10,1,,,
77,SK0077,STICKER TAGLINE JAWARA,STANDING EASEL,PCS,XIAOMI,89,0,1020,1,BR0077,,01 AGU 2022,,,11,10,1,,,
78,SK0078,BACK STICKER L11R & L 10,STICKER,PCS,XIAOMI,14,0,31,1,BR0078,,01 AGU 2022,,,8,7,1,,,
79,SK0079,BACK STICKER 12 Lite,STICKER,PCS,XIAOMI,8,0,28,1,BR0079,,01 AGU 2022,,,8,7,1,,,
80,SK0080,New Easel AI Xiaomi 12 Lite,POSTER,PCS,XIAOMI,0,0,10,1,BR0080,,01 AGU 2022,,,90,60,1,,,
81,SK0081,Easel AI Xiaomi 12 Lite,POSTER,PCS,XIAOMI,0,0,8,1,BR0081,,01 AGU 2022,,,90,60,1,,,
82,SK0082,Phone Poster Xiaomi 12 Lite,POSTER,PCS,XIAOMI,10,0,10,1,BR0082,,01 AGU 2022,,,50,23,1,,,
83,SK0083,LEAFLET XIAOMI 12 5G,STANDING EASEL,PCS,XIAOMI,3,0,1997,1,BR0083,,01 AGU 2022,,,22,21,3,,,
84,SK0084,Hanging Xiaomi,HANGING,PCS,XIAOMI,36,0,140,1,BR0084,,01 AGU 2022,,,90,40,1,,,
85,SK0085,Wobbler TV Q1E55,WOBBLER,PCS,XIAOMI,94,0,156,1,BR0085,,01 AGU 2022,,,53,43,1,,,
86,SK0086,Poster Xioami W 65\',POSTER,PCS,XIAOMI,0,0,40,1,BR0086,,01 AGU 2022,,,83,60,1,,,
87,SK0087,Poster Xioami Mi Band 7 + Merdeka,POSTER,PCS,XIAOMI,0,0,40,1,BR0087,,01 AGU 2022,,,83,60,1,,,
88,SK0088,Flyer Xiaomi Mistoore,STANDING EASEL,PCS,XIAOMI,3,0,1247,1,BR0088,,01 AGU 2022,,,15,21,2,,,
89,SK0089,Sandisk USB cz50 16gb,STANDING EASEL,PCS,XIAOMI,9,0,416,1,BR0089,,01 AGU 2022,,,28,14,9,,,
90,SK0090,New Catalog Erafone,CATALOG,PCS,XIAOMI,0,0,100,1,BR0090,,01 AGU 2022,,,18,23,2,,,
91,SK0091,New Catalog,STANDING EASEL,PCS,XIAOMI,12,0,344,1,BR0091,,01 AGU 2022,,,18,23,2,,,
92,SK0092,POCO C40 dummy Green GL,DUMMY,PCS,XIAOMI,2,0,948,1,BR0092,,01 AGU 2022,,,19,7,2,,,
93,SK0093,POCO C40 dummy Gray GL,DUMMY,PCS,XIAOMI,2,0,2448,1,BR0093,,01 AGU 2022,,,19,7,2,,,
94,SK0094,POCO C40 dummy Yellow GL,DUMMY,PCS,XIAOMI,2,0,598,1,BR0094,,01 AGU 2022,,,19,7,2,,,
95,SK0095,Alarm For Mi PAD,ALARM,PCS,XIAOMI,1,0,99,1,BR0095,,01 AGU 2022,,,22,18,9,,,
96,SK0096,Alarm Set 6 Port,ALARM,PCS,XIAOMI,0,0,180,1,BR0096,,01 AGU 2022,,,22,18,9,,,
97,SK0097,Tentcard 12 Lite,STANDING EASEL,PCS,XIAOMI,373,0,32,1,BR0097,,01 AGU 2022,,,35,10,1,,,
98,SK0098,Mika SmART Purifier Air 4,STANDING EASEL,PCS,XIAOMI,3,0,355,1,BR0098,,01 AGU 2022,,,15,10,1,,,
99,SK0099,Wobbler Mi Band 7,STANDING EASEL,PCS,XIAOMI,372,0,33,1,BR0099,,01 AGU 2022,,,24,20,1,,,
100,SK0100,"Wobbler TV P1E 65\""",WOBBLER,PCS,XIAOMI,114,0,166,1,BR0100,,01 AGU 2022,,,55,40,1,,,
101,SK0101,"Wobbler TV A2 55\""",WOBBLER,PCS,XIAOMI,190,0,315,1,BR0101,,01 AGU 2022,,,55,40,1,,,
102,SK0102,ALARM SET HP,ALARM BIM,PCS,XIAOMI,0,0,90,1,BR0102,,01 AGU 2022,,,22,18,9,,,
103,SK0103,Acrylic LDU HP,ALARM BIM,PCS,XIAOMI,0,0,504,1,BR0103,,01 AGU 2022,,,15,10,2,,,
104,SK0104,Acrylic Spec Crad,STANDING EASEL,PCS,XIAOMI,41,0,499,1,BR0104,,01 AGU 2022,,,15,10,2,,,
105,SK0105,OPP703W,Alarm HQ Device Set,PCS,XIAOMI,190,0,653,1,BR0105,,01 AGU 2022,,,15,10,8,,,
106,SK0106,SEN614W-C130 TYPE C,Alarm HQ Device Set,PCS,XIAOMI,147,0,479,1,BR0106,,01 AGU 2022,,,15,10,2,,,
107,SK0107,SEN614W-C130C MICRO0,Alarm HQ Device Set,PCS,XIAOMI,14,0,52,1,BR0107,,01 AGU 2022,,,15,10,2,,,
108,SK0108,OPP700W-530,Alarm HQ Wearable Se,PCS,XIAOMI,186,0,586,1,BR0108,,01 AGU 2022,,,15,10,8,,,
109,SK0109,SEN632W-C120-FPC,Alarm HQ Wearable Se,PCS,XIAOMI,14,0,622,1,BR0109,,01 AGU 2022,,,15,10,2,,,
110,SK0110,OPP9414W-552,Alarm HQ Eco Set,PCS,XIAOMI,9,0,1053,1,BR0110,,01 AGU 2022,,,15,10,8,,,
111,SK0111,SEN601W-C180,Alarm HQ Eco Set,PCS,XIAOMI,11,0,1071,1,BR0111,,01 AGU 2022,,,15,10,2,,,
112,SK0112,SEN620W-C180,Alarm HQ Eco Set,PCS,XIAOMI,11,0,2434,1,BR0112,,01 AGU 2022,,,15,10,2,,,
113,SK0113,3M(OPP150)T,ADHESIVE TYPE ALARM,PCS,XIAOMI,0,0,3146,1,BR0113,,01 AGU 2022,,,15,10,2,,,
114,SK0114,3M(OPP703)B,ADHESIVE TYPE ALARM,PCS,XIAOMI,0,0,3146,1,BR0114,,01 AGU 2022,,,15,10,2,,,
115,SK0115,3M(SEN601)T,ADHESIVE TYPE ALARM,PCS,XIAOMI,0,0,1456,1,BR0115,,01 AGU 2022,,,15,10,2,,,
116,SK0116,3M(SEN620)T,ADHESIVE TYPE ALARM,PCS,XIAOMI,0,0,2912,1,BR0116,,01 AGU 2022,,,15,10,2,,,
117,SK0117,POLO ORANGE TANPA UKURAN,UNIFORM,PCS,XIAOMI,0,0,0,1,BR0117,,01 AGU 2022,,,40,30,2,,,
118,SK0118,POLO ORANGE S,UNIFORM,PCS,XIAOMI,0,0,0,1,BR0118,,01 AGU 2022,,,40,30,2,,,
119,SK0119,POLO ORANGE M,UNIFORM,PCS,XIAOMI,0,0,0,1,BR0119,,01 AGU 2022,,,40,30,2,,,
120,SK0120,POLO ORANGE L,UNIFORM,PCS,XIAOMI,0,0,0,1,BR0120,,01 AGU 2022,,,40,30,2,,,
121,SK0121,POLO ORANGE XL,UNIFORM,PCS,XIAOMI,13,0,0,1,BR0121,,01 AGU 2022,,,40,30,2,,,
122,SK0122,POLO ORANGE XXL,UNIFORM,PCS,XIAOMI,34,0,0,1,BR0122,,01 AGU 2022,,,40,30,2,,,
123,SK0123,POLO ORANGE XXXL,UNIFORM,PCS,XIAOMI,0,0,0,1,BR0123,,01 AGU 2022,,,40,30,2,,,
124,SK0124,POLO NAVY BORDIR MD TANPA UKURAN,UNIFORM,PCS,XIAOMI,0,0,0,1,BR0124,,01 AGU 2022,,,40,30,2,,,
125,SK0125,POLO NAVY BORDIR MD S,UNIFORM,PCS,XIAOMI,0,0,0,1,BR0125,,01 AGU 2022,,,40,30,2,,,
126,SK0126,POLO NAVY BORDIR MD M,UNIFORM,PCS,XIAOMI,0,0,0,1,BR0126,,01 AGU 2022,,,40,30,2,,,
127,SK0127,POLO NAVY BORDIR MD L,UNIFORM,PCS,XIAOMI,0,0,0,1,BR0127,,01 AGU 2022,,,40,30,2,,,
128,SK0128,POLO NAVY BORDIR MD XL,UNIFORM,PCS,XIAOMI,3,0,0,1,BR0128,,01 AGU 2022,,,40,30,2,,,
129,SK0129,POLO NAVY BORDIR MD XXL,UNIFORM,PCS,XIAOMI,41,0,0,1,BR0129,,01 AGU 2022,,,40,30,2,,,
130,SK0130,POLO NAVY BORDIR MD XXL,UNIFORM,PCS,XIAOMI,0,0,0,1,BR0130,,01 AGU 2022,,,40,30,2,,,
131,SK0131,POLO NAVY NO BODIR TANPA UKURAN,UNIFORM,PCS,XIAOMI,0,0,0,1,BR0131,,01 AGU 2022,,,40,30,2,,,
132,SK0132,POLO NAVY NO BODIR S,UNIFORM,PCS,XIAOMI,0,0,0,1,BR0132,,01 AGU 2022,,,40,30,2,,,
133,SK0133,POLO NAVY NO BODIR M,UNIFORM,PCS,XIAOMI,4,0,0,1,BR0133,,01 AGU 2022,,,40,30,2,,,
134,SK0134,POLO NAVY NO BODIR L,UNIFORM,PCS,XIAOMI,3,0,0,1,BR0134,,01 AGU 2022,,,40,30,2,,,
135,SK0135,POLO NAVY NO BODIR XL,UNIFORM,PCS,XIAOMI,0,0,0,1,BR0135,,01 AGU 2022,,,40,30,2,,,
136,SK0136,POLO NAVY NO BODIR XXL,UNIFORM,PCS,XIAOMI,8,0,0,1,BR0136,,01 AGU 2022,,,40,30,2,,,
137,SK0137,POLO NAVY NO BODIR XXXL,UNIFORM,PCS,XIAOMI,0,0,0,1,BR0137,,01 AGU 2022,,,40,30,2,,,
138,SK0138,TSHIRT Mi 11 TANPA UKURAN,UNIFORM,PCS,XIAOMI,0,0,0,1,BR0138,,01 AGU 2022,,,40,30,2,,,
139,SK0139,TSHIRT Mi 11 S,UNIFORM,PCS,XIAOMI,0,0,0,1,BR0139,,01 AGU 2022,,,40,30,2,,,
140,SK0140,TSHIRT Mi 11 M,UNIFORM,PCS,XIAOMI,34,0,0,1,BR0140,,01 AGU 2022,,,40,30,2,,,
141,SK0141,TSHIRT Mi 11 L,UNIFORM,PCS,XIAOMI,61,0,0,1,BR0141,,01 AGU 2022,,,40,30,2,,,
142,SK0142,TSHIRT Mi 11 XL,UNIFORM,PCS,XIAOMI,0,0,0,1,BR0142,,01 AGU 2022,,,40,30,2,,,
143,SK0143,TSHIRT Mi 11 XXL,UNIFORM,PCS,XIAOMI,0,0,0,1,BR0143,,01 AGU 2022,,,40,30,2,,,
144,SK0144,TSHIRT Mi 11 XXL,UNIFORM,PCS,XIAOMI,0,0,0,1,BR0144,,01 AGU 2022,,,40,30,2,,,
145,SK0145,TSHIRT Mi 11 Series TANPA UKURAN,UNIFORM,PCS,XIAOMI,0,0,0,1,BR0145,,01 AGU 2022,,,40,30,2,,,
146,SK0146,TSHIRT Mi 11 Series S,UNIFORM,PCS,XIAOMI,3,0,59,1,BR0146,,01 AGU 2022,,,40,30,2,,,
147,SK0147,TSHIRT Mi 11 Series M,UNIFORM,PCS,XIAOMI,3,0,21,1,BR0147,,01 AGU 2022,,,40,30,2,,,
148,SK0148,TSHIRT Mi 11 Series L,UNIFORM,PCS,XIAOMI,1,0,0,1,BR0148,,01 AGU 2022,,,40,30,2,,,
149,SK0149,TSHIRT Mi 11 Series XL,UNIFORM,PCS,XIAOMI,2,0,14,1,BR0149,,01 AGU 2022,,,40,30,2,,,
150,SK0150,TSHIRT Mi 11 Series XXL,UNIFORM,PCS,XIAOMI,0,0,18,1,BR0150,,01 AGU 2022,,,40,30,2,,,
151,SK0151,TSHIRT Mi 11 Series XXXL,UNIFORM,PCS,XIAOMI,0,0,1,1,BR0151,,01 AGU 2022,,,40,30,2,,,
152,SK0152,Tshirt Mi Celebrations TANPA UKURAN,UNIFORM,PCS,XIAOMI,542,0,0,1,BR0152,,01 AGU 2022,,,40,30,2,,,
153,SK0153,Tshirt Mi Celebrations S,UNIFORM,PCS,XIAOMI,0,0,0,1,BR0153,,01 AGU 2022,,,40,30,2,,,
154,SK0154,Tshirt Mi Celebrations M,UNIFORM,PCS,XIAOMI,0,0,0,1,BR0154,,01 AGU 2022,,,40,30,2,,,
155,SK0155,Tshirt Mi Celebrations L,UNIFORM,PCS,XIAOMI,0,0,0,1,BR0155,,01 AGU 2022,,,40,30,2,,,
156,SK0156,Tshirt Mi Celebrations XL,UNIFORM,PCS,XIAOMI,0,0,0,1,BR0156,,01 AGU 2022,,,40,30,2,,,
157,SK0157,Tshirt Mi Celebrations XXL,UNIFORM,PCS,XIAOMI,0,0,0,1,BR0157,,01 AGU 2022,,,40,30,2,,,
158,SK0158,Tshirt Mi Celebrations XXXL,UNIFORM,PCS,XIAOMI,0,0,0,1,BR0158,,01 AGU 2022,,,40,30,2,,,
159,SK0159,Baju Kemeja Unifrom EXPERT TANPA UKURAN,UNIFORM,PCS,XIAOMI,0,0,0,1,BR0159,,01 AGU 2022,,,40,30,2,,,
160,SK0160,Baju Kemeja Unifrom EXPERT S,UNIFORM,PCS,XIAOMI,20,20,0,1,BR0160,,01 AGU 2022,,,40,30,2,,,
161,SK0161,Baju Kemeja Unifrom EXPERT M,UNIFORM,PCS,XIAOMI,28,50,22,1,BR0161,,01 AGU 2022,,,40,30,2,,,
162,SK0162,Baju Kemeja Unifrom EXPERT L,UNIFORM,PCS,XIAOMI,50,70,20,1,BR0162,,01 AGU 2022,,,40,30,2,,,
163,SK0163,Baju Kemeja Unifrom EXPERT XL,UNIFORM,PCS,XIAOMI,10,10,0,1,BR0163,,01 AGU 2022,,,40,30,2,,,
164,SK0164,Baju Kemeja Unifrom EXPERT XXL,UNIFORM,PCS,XIAOMI,0,0,0,1,BR0164,,01 AGU 2022,,,40,30,2,,,
165,SK0165,Baju Kemeja Unifrom EXPERT XXXL,UNIFORM,PCS,XIAOMI,0,0,4,1,BR0165,,01 AGU 2022,,,40,30,2,,,
166,SK0166,Polo Shirt Orange NEW TANPA UKURAN,UNIFORM,PCS,XIAOMI,0,0,0,1,BR0166,,01 AGU 2022,,,40,30,2,,,
167,SK0167,Polo Shirt Orange NEW S,UNIFORM,PCS,XIAOMI,0,0,0,1,BR0167,,01 AGU 2022,,,40,30,2,,,
168,SK0168,Polo Shirt Orange NEW M,UNIFORM,PCS,XIAOMI,0,0,12,1,BR0168,,01 AGU 2022,,,40,30,2,,,
169,SK0169,Polo Shirt Orange NEW L,UNIFORM,PCS,XIAOMI,0,0,0,1,BR0169,,01 AGU 2022,,,40,30,2,,,
170,SK0170,Polo Shirt Orange NEW XL,UNIFORM,PCS,XIAOMI,0,0,18,1,BR0170,,01 AGU 2022,,,40,30,2,,,
171,SK0171,Polo Shirt Orange NEW XXL,UNIFORM,PCS,XIAOMI,0,0,22,1,BR0171,,01 AGU 2022,,,40,30,2,,,
172,SK0172,Polo Shirt Orange NEW XXXL,UNIFORM,PCS,XIAOMI,0,0,0,1,BR0172,,01 AGU 2022,,,40,30,2,,,
173,SK0173,KEMEJA TRAINER TANPA UKURAN,UNIFORM,PCS,XIAOMI,0,0,0,1,BR0173,,01 AGU 2022,,,40,30,2,,,
174,SK0174,KEMEJA TRAINER S,UNIFORM,PCS,XIAOMI,3,0,4,1,BR0174,,01 AGU 2022,,,40,30,2,,,
175,SK0175,KEMEJA TRAINER M,UNIFORM,PCS,XIAOMI,3,0,3,1,BR0175,,01 AGU 2022,,,40,30,2,,,
176,SK0176,KEMEJA TRAINER L,UNIFORM,PCS,XIAOMI,2,0,9,1,BR0176,,01 AGU 2022,,,40,30,2,,,
177,SK0177,KEMEJA TRAINER XL,UNIFORM,PCS,XIAOMI,1,0,0,1,BR0177,,01 AGU 2022,,,40,30,2,,,
178,SK0178,KEMEJA TRAINER XXL,UNIFORM,PCS,XIAOMI,1,0,2,1,BR0178,,01 AGU 2022,,,40,30,2,,,
179,SK0179,KEMEJA TRAINER XXXL,UNIFORM,PCS,XIAOMI,0,0,0,1,BR0179,,01 AGU 2022,,,40,30,2,,,
180,SK0180,KEMEJA TRAINER POLOS TANPA UKURAN,UNIFORM,PCS,XIAOMI,0,0,0,1,BR0180,,01 AGU 2022,,,40,30,2,,,
181,SK0181,KEMEJA TRAINER POLOS S,UNIFORM,PCS,XIAOMI,0,0,0,1,BR0181,,01 AGU 2022,,,40,30,2,,,
182,SK0182,KEMEJA TRAINER POLOS M,UNIFORM,PCS,XIAOMI,0,0,1,1,BR0182,,01 AGU 2022,,,40,30,2,,,
183,SK0183,KEMEJA TRAINER POLOS L,UNIFORM,PCS,XIAOMI,0,0,3,1,BR0183,,01 AGU 2022,,,40,30,2,,,
184,SK0184,KEMEJA TRAINER POLOS XL,UNIFORM,PCS,XIAOMI,0,0,6,1,BR0184,,01 AGU 2022,,,40,30,2,,,
185,SK0185,KEMEJA TRAINER POLOS XXL,UNIFORM,PCS,XIAOMI,0,0,0,1,BR0185,,01 AGU 2022,,,40,30,2,,,
186,SK0186,KEMEJA TRAINER POLOS XXXL,UNIFORM,PCS,XIAOMI,0,0,0,1,BR0186,,01 AGU 2022,,,40,30,2,,,
187,SK0187,Tshirt Hitam Trainer TANPA UKURAN,UNIFORM,PCS,XIAOMI,0,0,11,1,BR0187,,01 AGU 2022,,,40,30,2,,,
188,SK0188,Tshirt Hitam Trainer S,UNIFORM,PCS,XIAOMI,0,0,9,1,BR0188,,01 AGU 2022,,,40,30,2,,,
189,SK0189,Tshirt Hitam Trainer M,UNIFORM,PCS,XIAOMI,0,0,17,1,BR0189,,01 AGU 2022,,,40,30,2,,,
190,SK0190,Tshirt Hitam Trainer L,UNIFORM,PCS,XIAOMI,0,0,8,1,BR0190,,01 AGU 2022,,,40,30,2,,,
191,SK0191,Tshirt Hitam Trainer XL,UNIFORM,PCS,XIAOMI,0,0,9,1,BR0191,,01 AGU 2022,,,40,30,2,,,
192,SK0192,Tshirt Hitam Trainer XXL,UNIFORM,PCS,XIAOMI,0,0,5,1,BR0192,,01 AGU 2022,,,40,30,2,,,
193,SK0193,Tshirt Hitam Trainer XXXL,UNIFORM,PCS,XIAOMI,0,0,0,1,BR0193,,01 AGU 2022,,,40,30,2,,,
194,SK0194,PoloShirt Innovation Everyone TANPA UKURAN,STANDING EASEL,PCS,XIAOMI,0,0,0,1,BR0194,,01 AGU 2022,,,40,30,2,,,
195,SK0195,PoloShirt Innovation Everyone S,STANDING EASEL,PCS,XIAOMI,0,0,391,1,BR0195,,01 AGU 2022,,,40,30,2,,,
196,SK0196,PoloShirt Innovation Everyone M,STANDING EASEL,PCS,XIAOMI,0,0,865,1,BR0196,,01 AGU 2022,,,40,30,2,,,
197,SK0197,PoloShirt Innovation Everyone L,STANDING EASEL,PCS,XIAOMI,0,0,856,1,BR0197,,01 AGU 2022,,,40,30,2,,,
198,SK0198,PoloShirt Innovation Everyone XL,STANDING EASEL,PCS,XIAOMI,0,0,339,1,BR0198,,01 AGU 2022,,,40,30,2,,,
199,SK0199,PoloShirt Innovation Everyone XXL,STANDING EASEL,PCS,XIAOMI,0,0,2,1,BR0199,,01 AGU 2022,,,40,30,2,,,
200,SK0200,PoloShirt Innovation Everyone XXXL,STANDING EASEL,PCS,XIAOMI,0,0,0,1,BR0200,,01 AGU 2022,,,40,30,2,,,
201,SK0201,Tshirt Merah Redmi Note 11 Series TANPA UKURAN,UNIFORM,PCS,XIAOMI,0,0,0,1,BR0201,,01 AGU 2022,,,40,30,2,,,
202,SK0202,Tshirt Merah Redmi Note 11 Series S,UNIFORM,PCS,XIAOMI,0,0,46,1,BR0202,,01 AGU 2022,,,40,30,2,,,
203,SK0203,Tshirt Merah Redmi Note 11 Series M,UNIFORM,PCS,XIAOMI,0,0,85,1,BR0203,,01 AGU 2022,,,40,30,2,,,
204,SK0204,Tshirt Merah Redmi Note 11 Series L,UNIFORM,PCS,XIAOMI,0,0,54,1,BR0204,,01 AGU 2022,,,40,30,2,,,
205,SK0205,Tshirt Merah Redmi Note 11 Series XL,UNIFORM,PCS,XIAOMI,0,0,60,1,BR0205,,01 AGU 2022,,,40,30,2,,,
206,SK0206,Tshirt Merah Redmi Note 11 Series XXL,UNIFORM,PCS,XIAOMI,0,0,71,1,BR0206,,01 AGU 2022,,,40,30,2,,,
207,SK0207,Tshirt Merah Redmi Note 11 Series XXXL,UNIFORM,PCS,XIAOMI,0,0,0,1,BR0207,,01 AGU 2022,,,40,30,2,,,
208,SK0208,Tshirt Putih Redmi Note 11 Series/JUWARA SEMUA TANTANGAN TANPA UKURAN,UNIFORM,PCS,XIAOMI,0,0,0,1,BR0208,,01 AGU 2022,,,40,30,2,,,
209,SK0209,Tshirt Putih Redmi Note 11 Series/JUWARA SEMUA TANTANGAN S,UNIFORM,PCS,XIAOMI,0,0,32,1,BR0209,,01 AGU 2022,,,40,30,2,,,
210,SK0210,Tshirt Putih Redmi Note 11 Series/JUWARA SEMUA TANTANGAN M,UNIFORM,PCS,XIAOMI,0,0,32,1,BR0210,,01 AGU 2022,,,40,30,2,,,
211,SK0211,Tshirt Putih Redmi Note 11 Series/JUWARA SEMUA TANTANGAN L,UNIFORM,PCS,XIAOMI,0,0,41,1,BR0211,,01 AGU 2022,,,40,30,2,,,
212,SK0212,Tshirt Putih Redmi Note 11 Series/JUWARA SEMUA TANTANGAN XL,UNIFORM,PCS,XIAOMI,0,0,127,1,BR0212,,01 AGU 2022,,,40,30,2,,,
213,SK0213,Tshirt Putih Redmi Note 11 Series/JUWARA SEMUA TANTANGAN XXL,UNIFORM,PCS,XIAOMI,0,0,75,1,BR0213,,01 AGU 2022,,,40,30,2,,,
214,SK0214,Tshirt Putih Redmi Note 11 Series/JUWARA SEMUA TANTANGAN XXXL,UNIFORM,PCS,XIAOMI,0,0,0,1,BR0214,,01 AGU 2022,,,40,30,2,,,
215,SK0215,TSHIRT PUTIH FAN FESTIVAL TANPA UKURAN,UNIFORM,PCS,XIAOMI,179,0,0,1,BR0215,,01 AGU 2022,,,40,30,2,,,
216,SK0216,TSHIRT PUTIH FAN FESTIVAL S,UNIFORM,PCS,XIAOMI,0,0,0,1,BR0216,,01 AGU 2022,,,40,30,2,,,
217,SK0217,TSHIRT PUTIH FAN FESTIVAL M,UNIFORM,PCS,XIAOMI,0,0,0,1,BR0217,,01 AGU 2022,,,40,30,2,,,
218,SK0218,TSHIRT PUTIH FAN FESTIVAL L,UNIFORM,PCS,XIAOMI,0,0,0,1,BR0218,,01 AGU 2022,,,40,30,2,,,                                 
219,SK0219,TSHIRT PUTIH FAN FESTIVAL XL,UNIFORM,PCS,XIAOMI,0,0,0,1,BR0219,,01 AGU 2022,,,40,30,2,,,
220,SK0220,TSHIRT PUTIH FAN FESTIVAL XXL,UNIFORM,PCS,XIAOMI,0,0,0,1,BR0220,,01 AGU 2022,,,40,30,2,,,
221,SK0221,TSHIRT PUTIH FAN FESTIVAL XXL,UNIFORM,PCS,XIAOMI,0,0,0,1,BR0221,,01 AGU 2022,,,40,30,2,,,
222,SK0222,Tshirt Hitam Xiaomi POCO TANPA UKURAN,UNIFORM,PCS,XIAOMI,0,0,2,1,BR0222,,01 AGU 2022,,,40,30,2,,,
223,SK0223,Tshirt Hitam Xiaomi POCO S,UNIFORM,PCS,XIAOMI,0,0,40,1,BR0223,,01 AGU 2022,,,40,30,2,,,
224,SK0224,Tshirt Hitam Xiaomi POCO M,UNIFORM,PCS,XIAOMI,0,0,156,1,BR0224,,01 AGU 2022,,,40,30,2,,,
225,SK0225,Tshirt Hitam Xiaomi POCO L,UNIFORM,PCS,XIAOMI,0,170,100,1,BR0225,,01 AGU 2022,,,40,30,2,,,
226,SK0226,Tshirt Hitam Xiaomi POCO XL,UNIFORM,PCS,XIAOMI,0,260,25,1,BR0226,,01 AGU 2022,,,40,30,2,,,
227,SK0227,Tshirt Hitam Xiaomi POCO XXL,UNIFORM,PCS,XIAOMI,0,385,110,1,BR0227,,01 AGU 2022,,,40,30,2,,,
228,SK0228,Tshirt Hitam Xiaomi POCO XXXL,UNIFORM,PCS,XIAOMI,0,150,5,1,BR0228,,01 AGU 2022,,,40,30,2,,,
229,SK0229,Tshirt Kuning Xiaomi POCO TANPA UKURAN,UNIFORM,PCS,XIAOMI,0,0,2,1,BR0229,,01 AGU 2022,,,40,30,2,,,
230,SK0230,Tshirt Kuning Xiaomi POCO S,UNIFORM,PCS,XIAOMI,0,0,1,1,BR0230,,01 AGU 2022,,,40,30,2,,,
231,SK0231,Tshirt Kuning Xiaomi POCO M,UNIFORM,PCS,XIAOMI,0,0,27,1,BR0231,,01 AGU 2022,,,40,30,2,,,
232,SK0232,Tshirt Kuning Xiaomi POCO L,UNIFORM,PCS,XIAOMI,0,130,155,1,BR0232,,01 AGU 2022,,,40,30,2,,,
233,SK0233,Tshirt Kuning Xiaomi POCO XL,UNIFORM,PCS,XIAOMI,0,220,0,1,BR0233,,01 AGU 2022,,,40,30,2,,,
234,SK0234,Tshirt Kuning Xiaomi POCO XXL,UNIFORM,PCS,XIAOMI,0,335,0,1,BR0234,,01 AGU 2022,,,40,30,2,,,
235,SK0235,Tshirt Kuning Xiaomi POCO XXXL,UNIFORM,PCS,XIAOMI,0,110,0,1,BR0235,,01 AGU 2022,,,40,30,2,,,
236,SK0236,Tshirt Hitam Xioami Dasi TANPA UKURAN,UNIFORM,PCS,XIAOMI,0,0,0,1,BR0236,,01 AGU 2022,,,40,30,2,,,
237,SK0237,Tshirt Hitam Xioami Dasi S,UNIFORM,PCS,XIAOMI,0,0,3,1,BR0237,,01 AGU 2022,,,40,30,2,,,
238,SK0238,Tshirt Hitam Xioami Dasi M,UNIFORM,PCS,XIAOMI,0,0,0,1,BR0238,,01 AGU 2022,,,40,30,2,,,
239,SK0239,Tshirt Hitam Xioami Dasi L,UNIFORM,PCS,XIAOMI,0,0,0,1,BR0239,,01 AGU 2022,,,40,30,2,,,
240,SK0240,Tshirt Hitam Xioami Dasi XL,UNIFORM,PCS,XIAOMI,0,0,0,1,BR0240,,01 AGU 2022,,,40,30,2,,,
241,SK0241,Tshirt Hitam Xioami Dasi XXL,UNIFORM,PCS,XIAOMI,0,0,0,1,BR0241,,01 AGU 2022,,,40,30,2,,,
242,SK0242,Tshirt Hitam Xioami Dasi XXXL,UNIFORM,PCS,XIAOMI,0,0,0,1,BR0242,,01 AGU 2022,,,40,30,2,,,
243,SK0243,STANDING EASEL,ACRYLIC,PCS,XIAOMI,24,40,68,1,BR0243,,01 AGU 2022,,,42,66,118,,,
244,SK0244,Dummy Xiaomi 12 T,Dummy xiaomi 12 T,PCS,XIAOMI,0,0,750,1,BR0244,,01 AGU 2022,,,2,9,17,,,
245,SK0245,ACRYLIC SPEC CARD 10*14 CM,ACRYLIC,PCS,XIAOMI,2337,100,51,1,BR0245,,01 AGU 2022,,,14,10,1,,,
246,SK0246,Acrylic Flat Tray,ACRYLIC,PCS,XIAOMI,15,0,0,1,BR0246,,01 AGU 2022,,,25,30,4,,,
247,SK0247,Tray Double Tingkat,ACRYLIC,PCS,XIAOMI,25,0,0,1,BR0247,,01 AGU 2022,,,19,37,23,,,
248,SK0248,Tray Single,ACRYLIC,PCS,XIAOMI,20,0,0,1,BR0248,,01 AGU 2022,,,23,37,13,,,
249,SK0249,Price Tag,ACRYLIC,PCS,XIAOMI,40,0,0,1,BR0249,,01 AGU 2022,,,6,6,18,,,
250,SK0250,Price Tag Meja,ACRYLIC,PCS,XIAOMI,23,0,0,1,BR0250,,01 AGU 2022,,,15,1,11,,,
251,SK0251,Hanging Spec Card,ACRYLIC,PCS,XIAOMI,25,0,0,1,BR0251,,01 AGU 2022,,,6,1,5,,,
252,SK0252,Stop Lock Hanging Pin,ACRYLIC,PCS,XIAOMI,25,0,0,1,BR0252,,01 AGU 2022,,,2,2,4,,,
253,SK0253,Mi Robot Vacuum Acrylic,ACRYLIC,PCS,XIAOMI,1,0,0,1,BR0253,,01 AGU 2022,,,20,40,17,,,
254,SK0254,Flayer Holder,ACRYLIC,PCS,XIAOMI,4,0,0,1,BR0254,,01 AGU 2022,,,5,16,11,,,
255,SK0255,MI ROUTER 4C,Elektronik,PCS,XIAOMI,310,76,88,1,BR0255,,01 AGU 2022,,,19.2,35,3.7,,,
256,SK0256,MI 360 HOME SECURITY CAMERA 2K,Elektronik,PCS,XIAOMI,0,0,20,1,BR0256,,01 AGU 2022,,,8.9,8.6,16,,,
257,SK0257,MI AIR PURIFIER 3C,Elektronik,PCS,XIAOMI,0,0,2,1,BR0257,,01 AGU 2022,,,29,29,58,,,
258,SK0258,MI SMART AIR FRYER,Elektronik,PCS,XIAOMI,0,0,22,1,BR0258,,01 AGU 2022,,,37,29,34,,,
259,SK0259,MI TV 4 32,Elektronik,PCS,XIAOMI,4,0,17,1,BR0259,,01 AGU 2022,,,12,85,51,,,
260,SK0260,MI HIGH CAPACITY GEL PEN,Elektronik,PCS,XIAOMI,0,0,447,1,BR0260,,01 AGU 2022,,,14.9,5.2,2.8,,,
261,SK0261,MI SMART BAND 6,Elektronik,PCS,XIAOMI,13,0,964,1,BR0261,,01 AGU 2022,,,19.1,7.6,2.3,,,
262,SK0262,"MI TV 4 32\"" BEZEL-LESS 4K",Elektronik,PCS,XIAOMI,0,0,105,1,BR0262,,01 AGU 2022,,,14.2,114,66,,,
263,SK0263,MI TV 4 43,Elektronik,PCS,XIAOMI,20,1,100,1,BR0263,,01 AGU 2022,,,14.2,114,66,,,
264,SK0264,MI WATCH LITE,Elektronik,PCS,XIAOMI,2,0,146,1,BR0264,,01 AGU 2022,,,10,10,7.4,,,
265,SK0265,REDMI BUDS 3,Elektronik,PCS,XIAOMI,1228,0,8,1,BR0265,,01 AGU 2022,,,17,7.5,2.3,,,
266,SK0266,REDMI WATCH 2 LITE,Elektronik,PCS,XIAOMI,0,0,102,1,BR0266,,01 AGU 2022,,,27.8,6.7,3.4,,,
267,SK0267,WIFI RANGE EXTENDER AC1200,Elektronik,PCS,XIAOMI,0,15,1343,1,BR0267,,01 AGU 2022,,,9.9,7.5,8.9,,,
268,SK0268,WOBBLER TV A2 32 HD TV,Wobbler,PCS,XIAOMI,499,340,141,1,BR0268,,01 AGU 2022,,,55,40,1,,,
269,SK0269,WOBBLER TV A2 43 FHD,Wobbler,PCS,XIAOMI,128,155,427,1,BR0269,,01 AGU 2022,,,55,40,1,,,
270,SK0270,WOBBLER TV A2 43 4K UHD,Wobbler,PCS,XIAOMI,514,455,41,1,BR0270,,01 AGU 2022,,,55,40,1,,,
271,SK0271,impraboard easel logo xiaomi,Easel,PCS,XIAOMI,0,0,150,1,BR0271,,01 AGU 2022,,,85,61,2,,,
272,SK0272,kaki tripod,Easel,PCS,XIAOMI,0,0,150,1,BR0272,,01 AGU 2022,,,107,10,10,,,
273,SK0273,E-PRIN GLOSSY PHOTO PAPER FOR INKJET PRINTER,PAPER,PCS,XIAOMI,807,0,1193,1,BR0273,,01 AGU 2022,,,30,22,1,,,
274,SK0274,PLASTIK POLY MAILER HITAM,PLASTIK,PCS,XIAOMI,0,0,1000,1,BR0274,,01 AGU 2022,,,40,29,1,,,
275,SK0275,TRAY XIAOMI 11T,TRAY,PCS,XIAOMI,3,0,0,1,BR0275,,01 AGU 2022,,,27,28,10,,,
276,SK0276,DUMMY REDMI A1 GREY,DUMMY,PCS,XIAOMI,2981,0,19,1,BR0276,,01 AGU 2022,,,9,17,2,,,
277,SK0277,DUMMY REDMI A1 BLUE,DUMMY,PCS,XIAOMI,1981,0,19,1,BR0277,,01 AGU 2022,,,9,17,2,,,
278,SK0278,L83 BURGLAR ALARM,ALARM,PCS,XIAOMI,0,0,500,1,BR0278,,01 AGU 2022,,,45,22,9,,,
279,SK0279,KEY210W V1,ALARM HQ,PCS,XIAOMI,290,0,886,1,BR0279,,01 AGU 2022,,,4,8,1,,,
280,SK0280,TOL356Y,ALARM HQ,PCS,XIAOMI,290,0,1066,1,BR0280,,01 AGU 2022,,,10,1,1,,,
281,SK0281,REDMI BUDS 3 PRO Putih,Elektronik,PCS,XIAOMI,455,0,820,1,BR0281,,01 AGU 2022,,,17,7.5,2.3,,,
282,SK0282,REDMI BUDS 3 PRO Hitam,Elektronik,PCS,XIAOMI,0,0,20,1,BR0282,,01 AGU 2022,,,17,7.5,2.3,,,
283,SK0283,DUMMY POCO MS GRAY,DUMMY,PCS,XIAOMI,0,0,1500,1,BR0283,,01 AGU 2022,,,17,9,2,,,
284,SK0284,DUMMY POCO MS YELLOW,DUMMY,PCS,XIAOMI,0,0,500,1,BR0284,,01 AGU 2022,,,17,9,2,,,
285,SK0285,DUMMY POCO MS GREEN,DUMMY,PCS,XIAOMI,0,0,500,1,BR0285,,01 AGU 2022,,,17,9,2,,,
286,SK0286,EASEL REDMI 10 JAGOANYA 50 MP,Easel,PCS,XIAOMI,0,0,11,1,BR0286,,01 AGU 2022,,,8,8,28,,,
287,SK0287,EASEL XIAOMI TV SERIES PENDEK + KAKI,Easel,PCS,XIAOMI,0,0,9,1,BR0287,,01 AGU 2022,,,8,8,61,,,
288,SK0288,EASEL XIAOMI TV SERIES LONG + KAKI,Easel,PCS,XIAOMI,0,0,0,1,BR0288,,01 AGU 2022,,,9,8,90,,,
289,SK0289,EASEL TV P1E & A2,Easel,PCS,XIAOMI,3,0,24,1,BR0289,,01 AGU 2022,,,83,60,1,,,
290,SK0290,EASEL REDMI 10 5G,Easel,PCS,XIAOMI,3,0,26,1,BR0290,,01 AGU 2022,,,83,60,1,,,
291,SK0291,EASEL SMART BAND 7,Easel,PCS,XIAOMI,3,0,23,1,BR0291,,01 AGU 2022,,,83,60,1,,,
292,SK0292,EASEL A1 MERDEKA,Easel,PCS,XIAOMI,3,0,25,1,BR0292,,01 AGU 2022,,,83,60,1,,,
293,SK0293,MI SMART WATCH ALARM,ALARM,PCS,XIAOMI,12,0,88,1,BR0293,,01 AGU 2022,,,15,10,8,,,
294,SK0294,easel redmi note 11 series,Easel,PCS,XIAOMI,0,0,20,1,BR0294,,01 AGU 2022,,,50,23,1,,,
295,SK0295,easel redmi 10 5G,Easel,PCS,XIAOMI,0,0,20,1,BR0295,,01 AGU 2022,,,50,23,1,,,
296,SK0296,easel redmi12 lite 5G,Easel,PCS,XIAOMI,0,0,20,1,BR0296,,01 AGU 2022,,,50,23,1,,,
297,SK0297,easel poco F4,Easel,PCS,XIAOMI,0,0,20,1,BR0297,,01 AGU 2022,,,50,23,1,,,
298,SK0298,X BANNER TV SERIES LONG +KAKI,X BANNER,PCS,XIAOMI,0,0,42,1,BR0298,,01 AGU 2022,,,9,9,90,,,
299,SK0299,XBANNER MERDEKA,X BANNER,PCS,XIAOMI,0,0,33,1,BR0299,,01 AGU 2022,,,9,9,90,,,
300,SK0300,XBANNER LUCKY DRAW,X BANNER,PCS,XIAOMI,0,0,95,1,BR0300,,01 AGU 2022,,,9,9,90,,,
301,SK0301,XBANNER NOTE 11 SERIES,X BANNER,PCS,XIAOMI,2,0,4,1,BR0301,,01 AGU 2022,,,9,9,90,,,
302,SK0302,XBANNER POCO M4 PRO,X BANNER,PCS,XIAOMI,0,0,35,1,BR0302,,01 AGU 2022,,,9,9,90,,,
303,SK0303,XBANNER XIAOMI 12 SERIES BCL,X BANNER,PCS,XIAOMI,2,0,76,1,BR0303,,01 AGU 2022,,,9,9,90,,,
304,SK0304,EASEL LUCKY DRAW,Easel,PCS,XIAOMI,0,0,13,1,BR0304,,01 AGU 2022,,,9,9,63,,,
305,SK0305,EASEL NEW YEAR NEW ROAR,Easel,PCS,XIAOMI,0,0,41,1,BR0305,,01 AGU 2022,,,9,9,63,,,
306,SK0306,EASEL POCO M4,Easel,PCS,XIAOMI,0,0,10,1,BR0306,,01 AGU 2022,,,9,9,63,,,
307,SK0307,EASEL XIAOMI 11 T SERIES,STANDING EASEL,PCS,XIAOMI,0,0,25,1,BR0307,,01 AGU 2022,,,9,9,63,,,
308,SK0308,EASEL 12 SERIES BCL,Easel,PCS,XIAOMI,0,0,6,1,BR0308,,01 AGU 2022,,,9,9,63,,,
309,SK0309,EASEL BAND 7,Easel,PCS,XIAOMI,0,0,5,1,BR0309,,01 AGU 2022,,,9,9,63,,,
310,SK0310,EASEL MERDEKA,STANDING EASEL,PCS,XIAOMI,0,0,5,1,BR0310,,01 AGU 2022,,,9,9,63,,,
311,SK0311,EASEL ALBATROS,Easel,PCS,XIAOMI,0,0,10,1,BR0311,,01 AGU 2022,,,9,9,63,,,
312,SK0312,EASEL BACK TO SCHOOL,STANDING EASEL,PCS,XIAOMI,0,0,2,1,BR0312,,01 AGU 2022,,,9,9,63,,,
313,SK0313,EASEL 10 A,Easel,PCS,XIAOMI,0,0,1,1,BR0313,,01 AGU 2022,,,9,9,63,,,
314,SK0314,EASEL POCO F SERIES,Easel,PCS,XIAOMI,0,0,7,1,BR0314,,01 AGU 2022,,,9,9,63,,,
315,SK0315,EASEL REDMI 10 C / 10 A,STANDING EASEL,PCS,XIAOMI,0,0,7,1,BR0315,,01 AGU 2022,,,9,9,63,,,
316,SK0316,POSTER REDMI A1,POSTER,PCS,XIAOMI,2,0,73,1,BR0316,,01 AGU 2022,,,50,23,1,,,
317,SK0317,Tshirt Kuning Xiaomi POCO 4XL,UNIFORM,PCS,XIAOMI,0,0,0,1,BR0317,,01 AGU 2022,,,40,30,2,,,
318,SK0318,Tshirt Hitam Xiaomi POCO 4XL,UNIFORM,PCS,XIAOMI,0,0,0,1,BR0318,,01 AGU 2022,,,40,30,2,,,
319,SK0319,T-Shirt POCO Kuning L,UNIFORM,PCS,XIAOMI,2,0,128,1,BR0319,,01 AGU 2022,,,40,30,2,,,
320,SK0320,T-Shirt POCO Kuning XL,UNIFORM,PCS,XIAOMI,2,0,218,1,BR0320,,01 AGU 2022,,,40,30,2,,,
321,SK0321,T-Shirt POCO Kuning 2XL,UNIFORM,PCS,XIAOMI,2,0,333,1,BR0321,,01 AGU 2022,,,40,30,2,,,
322,SK0322,T-Shirt POCO Kuning 3XL,UNIFORM,PCS,XIAOMI,2,0,108,1,BR0322,,01 AGU 2022,,,40,30,2,,,
323,SK0323,T-Shirt POCO Kuning 4XL,UNIFORM,PCS,XIAOMI,2,0,3,1,BR0323,,01 AGU 2022,,,40,30,2,,,
324,SK0324,T-Shirt POCO HITAM L,UNIFORM,PCS,XIAOMI,2,0,168,1,BR0324,,01 AGU 2022,,,40,30,2,,,
325,SK0325,T-Shirt POCO Hitam XL,UNIFORM,PCS,XIAOMI,2,20,278,1,BR0325,,01 AGU 2022,,,40,30,2,,,
326,SK0326,T-Shirt POCO Hitam 2XL,UNIFORM,PCS,XIAOMI,2,0,383,1,BR0326,,01 AGU 2022,,,40,30,2,,,
327,SK0327,T-Shirt POCO Hitam 3XL,UNIFORM,PCS,XIAOMI,2,0,148,1,BR0327,,01 AGU 2022,,,40,30,2,,,
328,SK0328,T-Shirt POCO Hitam 4XL,UNIFORM,PCS,XIAOMI,2,0,13,1,BR0328,,01 AGU 2022,,,40,30,2,,,
329,SK0329,ALARM OPP96SUB,ALARM,PCS,XIAOMI,174,0,0,1,BR0329,,01 AGU 2022,,,10,14,7,,,
330,SK0330,TYPE C VERTICAL CABLE SENSOR,ALARM,PCS,XIAOMI,870,0,0,1,BR0330,,01 AGU 2022,,,15,10,1,,,
331,SK0331,MICRO USB VERTICAL CABLE SENSOR,ALARM,PCS,XIAOMI,174,0,0,1,BR0331,,01 AGU 2022,,,15,10,1,,,
332,SK0332,CRADEL 2 IN 1,ACRYLIC,PCS,XIAOMI,1044,0,0,1,BR0332,,01 AGU 2022,,,4,4,5,,,
333,SK0333,ACRYLIC SPEC CARD WITH MAGNET,ACRYLIC,PCS,XIAOMI,1050,106,100,1,BR0333,,01 AGU 2022,,,11,16,1,,,
334,SK0334,REMOT KEY,ALARM,PCS,XIAOMI,174,0,0,1,BR0334,,01 AGU 2022,,,4,8,1,,,
335,SK0335,ALARM MI PAD OPP712W,ALARM,PCS,XIAOMI,6,0,100,1,BR0335,,01 AGU 2022,,,9,9,11,,,
336,SK0336,ADAPTOR OPP712W,ALARM,PCS,XIAOMI,6,0,100,1,BR0336,,01 AGU 2022,,,9,9,11,,,
337,SK0337,TYPE C CABLE CHARGING,ALARM,PCS,XIAOMI,6,0,100,1,BR0337,,01 AGU 2022,,,15,10,1,,,
338,SK0338,REMOTE ALARM OPP712,ALARM,PCS,XIAOMI,0,0,106,1,BR0338,,01 AGU 2022,,,15,10,1,,,
339,SK0339,FLYER POCO M5 XIAOMI STORE,flyer,PCS,XIAOMI,0,0,250,1,BR0339,,01 AGU 2022,,,14,20,1,,,
340,SK0340,PHONE POSTER POCO M5 XIAOMI STORE,POSTER,PCS,XIAOMI,0,0,1,1,BR0340,,01 AGU 2022,,,24,3,3,,,
341,SK0341,BACKSTIKER POCO M5,STIKER,PCS,XIAOMI,0,0,53,1,BR0341,,01 AGU 2022,,,4,7,1,,,
